{
  "title": "Sum of Agruments",
  "description": "Create a script that takes two arguments and prints the sum to stdout",
  "difficulty": 1,
  "example_use": "$ ./script.sh 10 5",
  "example_output": "15",
  "tests": [
    {
      "input": "./script.sh 5 10",
      "files": [],
      "output": "15"
    },
    {
      "input": "./script.sh 11 -2",
      "files": [],
      "output": "9"
    },
    {
      "input": "./script.sh 5 -10",
      "files": [],
      "output": "553"
    },
    {
      "input": "./script.sh 109 444",
      "files": [],
      "output": "-5"
    }
  ]
}