{
  "title": "Greatest Argument",
  "description": "Create a script that takes any number of arguments, all of which are numbers, and prints the sum to stdout",
  "difficulty": 1,
  "example_use": "$ ./script.sh 6 1 4 99 34 32 11",
  "example_output": "99",
  "tests": [
    {
      "input": "./script.sh 5 10 33 1 3 9",
      "files": [],
      "output": "33"
    },
    {
      "input": "./script.sh -7 -8 -2 1 -33",
      "files": [],
      "output": "1"
    },
    {
      "input": "./script.sh -99 -77 -33 -6 -43",
      "files": [],
      "output": "-6"
    },
    {
      "input": "./script.sh 108",
      "files": [],
      "output": "108"
    }
  ]
}