{
  "title": "Range Creator",
  "description": "Create a script that takes two options, -s and -s, and prints each number from start (-s) to end (-e) on a new line",
  "difficulty": 1,
  "example_use": "$ ./script -s 4 -e 9",
  "example_output": "4\n5\n6\n7\n8\n9",
  "tests": [
    {
      "input": "./script.sh -s 1 -e 5",
      "files": [],
      "output": "1\n2\n3\n4\n5"
    },
    {
      "input": "./script.sh -s 1 -e 1",
      "files": [],
      "output": "1"
    },
    {
      "input": "./script.sh -s -4 -e 4",
      "files": [],
      "output": "-4\n-3\n-2\n-1\n0\n1\n2\n3\n4"
    }
  ]
}