{
  "title": "Name Counter",
  "description": "Create a program which takes a file of comma-separated first names and delivers a report of the top 5 names by frequency separated by line to stdout",
  "difficulty": 1,
  "example_use": "$ ./script names.txt",
  "example_output": "44 Marsha\n11 Pete\n10 Olivia\n6 Terry\n2 Anisa\n1 Flora",
  "tests": [
    {
      "input": "./script.sh names.txt",
      "files": ["names.txt"],
      "output": "4 Pete\n3 Terry\n2 Olivia\n1 Marsha\n1 Anisa"
    }
  ]
}